dataset,probe_id,condition,severity_ms,split_seed,estimand,accuracy_pct
braille,braille_ratesnn_h192_l3,clean,pooled,42,sample_micro,70.33333333333334
braille,braille_ratesnn_h192_l3,clean,pooled,123,sample_micro,71.38888888888889
braille,braille_ratesnn_h192_l3,clean,pooled,202,sample_micro,70.51851851851852
braille,braille_ratesnn_h192_l3,pbj,pooled,42,sample_micro,52.19958847736624
braille,braille_ratesnn_h192_l3,pbj,pooled,123,sample_micro,52.008230452674894
braille,braille_ratesnn_h192_l3,pbj,pooled,202,sample_micro,50.934156378600825
braille,braille_ratesnn_h192_l3,cf_matched,pooled,42,sample_micro,58.45884773662552
braille,braille_ratesnn_h192_l3,cf_matched,pooled,123,sample_micro,58.866255144032934
braille,braille_ratesnn_h192_l3,cf_matched,pooled,202,sample_micro,56.810699588477355
braille,braille_ratesnn_h192_l3,pbj_identity_loss,pooled,42,sample_micro,59.21604938271605
braille,braille_ratesnn_h192_l3,pbj_identity_loss,pooled,123,sample_micro,59.55144032921811
braille,braille_ratesnn_h192_l3,pbj_identity_loss,pooled,202,sample_micro,58.1358024691358
braille,braille_tcn_small_h64_b2_k3,clean,pooled,42,sample_micro,80.18518518518518
braille,braille_tcn_small_h64_b2_k3,clean,pooled,123,sample_micro,80.07407407407408
braille,braille_tcn_small_h64_b2_k3,clean,pooled,202,sample_micro,79.7037037037037
braille,braille_tcn_small_h64_b2_k3,pbj,pooled,42,sample_micro,44.86831275720164
braille,braille_tcn_small_h64_b2_k3,pbj,pooled,123,sample_micro,44.77572016460905
braille,braille_tcn_small_h64_b2_k3,pbj,pooled,202,sample_micro,44.958847736625515
braille,braille_tcn_small_h64_b2_k3,cf_matched,pooled,42,sample_micro,59.15843621399177
braille,braille_tcn_small_h64_b2_k3,cf_matched,pooled,123,sample_micro,58.839506172839506
braille,braille_tcn_small_h64_b2_k3,cf_matched,pooled,202,sample_micro,58.43415637860082
braille,braille_tcn_small_h64_b2_k3,pbj_identity_loss,pooled,42,sample_micro,61.83539094650206
braille,braille_tcn_small_h64_b2_k3,pbj_identity_loss,pooled,123,sample_micro,61.30452674897119
braille,braille_tcn_small_h64_b2_k3,pbj_identity_loss,pooled,202,sample_micro,60.39917695473251
braille,braille_tcn_small_h64_b2_k3,pbj_aug,pooled,42,sample_micro,73.42386831275721
braille,braille_tcn_small_h64_b2_k3,pbj_aug,pooled,123,sample_micro,73.80864197530865
braille,braille_tcn_small_h64_b2_k3,pbj_aug,pooled,202,sample_micro,73.57201646090535
braille,braille_tcn_small_h64_b2_k3,cf_matched_aug,pooled,42,sample_micro,71.50411522633743
braille,braille_tcn_small_h64_b2_k3,cf_matched_aug,pooled,123,sample_micro,71.58230452674897
braille,braille_tcn_small_h64_b2_k3,cf_matched_aug,pooled,202,sample_micro,71.51234567901234
braille,braille_tcn_small_h64_b2_k3,matched_aug,pooled,42,sample_micro,64.63374485596708
braille,braille_tcn_small_h64_b2_k3,matched_aug,pooled,123,sample_micro,64.42592592592592
braille,braille_tcn_small_h64_b2_k3,matched_aug,pooled,202,sample_micro,64.05555555555556
braille,braille_conv1d_h83_l2_k5,clean,pooled,42,sample_micro,75.81481481481481
braille,braille_conv1d_h83_l2_k5,clean,pooled,123,sample_micro,74.87037037037037
braille,braille_conv1d_h83_l2_k5,clean,pooled,202,sample_micro,75.31481481481481
braille,braille_conv1d_h83_l2_k5,pbj,pooled,42,sample_micro,41.5432098765432
braille,braille_conv1d_h83_l2_k5,pbj,pooled,123,sample_micro,39.98765432098766
braille,braille_conv1d_h83_l2_k5,pbj,pooled,202,sample_micro,38.98148148148148
braille,braille_conv1d_h83_l2_k5,cf_matched,pooled,42,sample_micro,53.08230452674897
braille,braille_conv1d_h83_l2_k5,cf_matched,pooled,123,sample_micro,52.08230452674897
braille,braille_conv1d_h83_l2_k5,cf_matched,pooled,202,sample_micro,51.032921810699584
braille,braille_conv1d_h83_l2_k5,pbj_identity_loss,pooled,42,sample_micro,55.86213991769547
braille,braille_conv1d_h83_l2_k5,pbj_identity_loss,pooled,123,sample_micro,54.430041152263364
braille,braille_conv1d_h83_l2_k5,pbj_identity_loss,pooled,202,sample_micro,53.38065843621399
stemnist,stemnist_paper_scnn_clean,clean,pooled,42,sample_micro,87.24675324675324
stemnist,stemnist_paper_scnn_clean,clean,pooled,42,participant_macro,86.73949579831933
stemnist,stemnist_paper_scnn_clean,clean,pooled,123,sample_micro,86.46753246753246
stemnist,stemnist_paper_scnn_clean,clean,pooled,123,participant_macro,86.19327731092437
stemnist,stemnist_paper_scnn_clean,clean,pooled,202,sample_micro,87.1038961038961
stemnist,stemnist_paper_scnn_clean,clean,pooled,202,participant_macro,86.91596638655462
stemnist,stemnist_paper_scnn_clean,pbj,pooled,42,sample_micro,85.89033189033188
stemnist,stemnist_paper_scnn_clean,pbj,pooled,42,participant_macro,85.4453781512605
stemnist,stemnist_paper_scnn_clean,pbj,pooled,123,sample_micro,85.62626262626263
stemnist,stemnist_paper_scnn_clean,pbj,pooled,123,participant_macro,85.32212885154061
stemnist,stemnist_paper_scnn_clean,pbj,pooled,202,sample_micro,86.22510822510822
stemnist,stemnist_paper_scnn_clean,pbj,pooled,202,participant_macro,86.14285714285714
stemnist,stemnist_paper_scnn_clean,cf_matched,pooled,42,sample_micro,86.3953823953824
stemnist,stemnist_paper_scnn_clean,cf_matched,pooled,42,participant_macro,85.99626517273575
stemnist,stemnist_paper_scnn_clean,cf_matched,pooled,123,sample_micro,86.15151515151514
stemnist,stemnist_paper_scnn_clean,cf_matched,pooled,123,participant_macro,85.85714285714286
stemnist,stemnist_paper_scnn_clean,cf_matched,pooled,202,sample_micro,86.72150072150073
stemnist,stemnist_paper_scnn_clean,cf_matched,pooled,202,participant_macro,86.58450046685341
stemnist,stemnist_paper_scnn_clean,pbj_identity_loss,pooled,42,sample_micro,87.02020202020202
stemnist,stemnist_paper_scnn_clean,pbj_identity_loss,pooled,42,participant_macro,86.58450046685343
stemnist,stemnist_paper_scnn_clean,pbj_identity_loss,pooled,123,sample_micro,86.53102453102453
stemnist,stemnist_paper_scnn_clean,pbj_identity_loss,pooled,123,participant_macro,86.19047619047618
stemnist,stemnist_paper_scnn_clean,pbj_identity_loss,pooled,202,sample_micro,86.94949494949495
stemnist,stemnist_paper_scnn_clean,pbj_identity_loss,pooled,202,participant_macro,86.7703081232493
stemnist,stemnist_tcn_large_clean,clean,pooled,42,sample_micro,92.03896103896105
stemnist,stemnist_tcn_large_clean,clean,pooled,42,participant_macro,91.6470588235294
stemnist,stemnist_tcn_large_clean,clean,pooled,123,sample_micro,92.14285714285714
stemnist,stemnist_tcn_large_clean,clean,pooled,123,participant_macro,91.63865546218489
stemnist,stemnist_tcn_large_clean,clean,pooled,202,sample_micro,92.4025974025974
stemnist,stemnist_tcn_large_clean,clean,pooled,202,participant_macro,91.9327731092437
stemnist,stemnist_tcn_large_clean,pbj,pooled,42,sample_micro,86.26118326118326
stemnist,stemnist_tcn_large_clean,pbj,pooled,42,participant_macro,85.85247432306255
stemnist,stemnist_tcn_large_clean,pbj,pooled,123,sample_micro,86.14574314574314
stemnist,stemnist_tcn_large_clean,pbj,pooled,123,participant_macro,85.72268907563026
stemnist,stemnist_tcn_large_clean,pbj,pooled,202,sample_micro,87.06782106782107
stemnist,stemnist_tcn_large_clean,pbj,pooled,202,participant_macro,86.54154995331467
stemnist,stemnist_tcn_large_clean,cf_matched,pooled,42,sample_micro,88.5930735930736
stemnist,stemnist_tcn_large_clean,cf_matched,pooled,42,participant_macro,88.14098972922501
stemnist,stemnist_tcn_large_clean,cf_matched,pooled,123,sample_micro,88.37950937950939
stemnist,stemnist_tcn_large_clean,cf_matched,pooled,123,participant_macro,87.96265172735761
stemnist,stemnist_tcn_large_clean,cf_matched,pooled,202,sample_micro,89.06926406926408
stemnist,stemnist_tcn_large_clean,cf_matched,pooled,202,participant_macro,88.53408029878618
stemnist,stemnist_tcn_large_clean,pbj_identity_loss,pooled,42,sample_micro,92.02308802308802
stemnist,stemnist_tcn_large_clean,pbj_identity_loss,pooled,42,participant_macro,91.60504201680672
stemnist,stemnist_tcn_large_clean,pbj_identity_loss,pooled,123,sample_micro,92.06204906204906
stemnist,stemnist_tcn_large_clean,pbj_identity_loss,pooled,123,participant_macro,91.59290382819796
stemnist,stemnist_tcn_large_clean,pbj_identity_loss,pooled,202,sample_micro,92.45598845598846
stemnist,stemnist_tcn_large_clean,pbj_identity_loss,pooled,202,participant_macro,92.00746965452848

